{"stats":{"minecraft:used":{"minecraft:iron_pickaxe":10,"minecraft:spruce_planks":1,"minecraft:wooden_pickaxe":18,"minecraft:sandstone":1,"minecraft:sand":3,"minecraft:crafting_table":2,"minecraft:spruce_log":6},"minecraft:custom":{"minecraft:time_since_rest":15212,"minecraft:sprint_one_cm":8586,"minecraft:damage_taken":270,"minecraft:walk_one_cm":7772,"minecraft:drop":10,"minecraft:damage_dealt":36,"minecraft:interact_with_crafting_table":5,"minecraft:swim_one_cm":1115,"minecraft:fly_one_cm":14060,"minecraft:crouch_one_cm":8975,"minecraft:play_time":15212,"minecraft:sneak_time":2019,"minecraft:walk_under_water_one_cm":633,"minecraft:jump":111,"minecraft:walk_on_water_one_cm":287,"minecraft:time_since_death":15212,"minecraft:total_world_time":15212,"minecraft:fall_one_cm":2134},"minecraft:mined":{"minecraft:spruce_log":20,"minecraft:crafting_table":1,"minecraft:sand":5,"minecraft:spruce_leaves":129,"minecraft:stone":15,"minecraft:sugar_cane":2,"minecraft:sandstone":12},"minecraft:crafted":{"minecraft:stone_shovel":1,"minecraft:crafting_table":1,"minecraft:spruce_planks":52,"minecraft:stick":8,"minecraft:wooden_pickaxe":1,"minecraft:stone_sword":1,"minecraft:furnace":1,"minecraft:stone_axe":1},"minecraft:dropped":{"minecraft:spruce_planks":10},"minecraft:picked_up":{"minecraft:seagrass":1,"minecraft:stick":8,"minecraft:crafting_table":1,"minecraft:sandstone":6,"minecraft:sand":3,"minecraft:spruce_sapling":5,"minecraft:spruce_log":19,"minecraft:iron_pickaxe":1,"minecraft:sugar_cane":4,"minecraft:cobblestone":14}},"DataVersion":3465}