{"stats":{"minecraft:used":{"minecraft:stone_sword":32,"minecraft:flint_and_steel":20,"minecraft:stone_shovel":4,"minecraft:spruce_planks":1,"minecraft:wooden_pickaxe":18,"minecraft:sandstone":6,"minecraft:glow_berries":5,"minecraft:sand":3,"minecraft:crafting_table":2,"minecraft:spruce_log":6,"minecraft:iron_pickaxe":167,"minecraft:gravel":3,"minecraft:cobblestone":7,"minecraft:cooked_beef":4},"minecraft:custom":{"minecraft:mob_kills":10,"minecraft:interact_with_crafting_table":6,"minecraft:time_since_death":6688,"minecraft:climb_one_cm":90,"minecraft:time_since_rest":6734,"minecraft:sprint_one_cm":35695,"minecraft:damage_taken":720,"minecraft:walk_one_cm":26884,"minecraft:drop":13,"minecraft:damage_dealt":1066,"minecraft:swim_one_cm":12459,"minecraft:talked_to_villager":1,"minecraft:fly_one_cm":51758,"minecraft:crouch_one_cm":13764,"minecraft:play_time":27212,"minecraft:deaths":1,"minecraft:sneak_time":4163,"minecraft:walk_under_water_one_cm":962,"minecraft:jump":317,"minecraft:walk_on_water_one_cm":1861,"minecraft:total_world_time":27212,"minecraft:fall_one_cm":10628},"minecraft:mined":{"minecraft:crafting_table":1,"gravestone:gravestone":1,"minecraft:calcite":4,"minecraft:tall_grass":1,"minecraft:copper_ore":2,"minecraft:spruce_leaves":129,"minecraft:sugar_cane":2,"minecraft:sandstone":13,"minecraft:large_fern":4,"minecraft:iron_ore":29,"minecraft:fire":17,"minecraft:spruce_log":20,"minecraft:grass":4,"minecraft:coal_ore":13,"minecraft:gravel":4,"minecraft:sand":5,"minecraft:stone":118,"minecraft:deepslate":4},"minecraft:killed":{"minecraft:pig":2,"minecraft:sheep":1,"minecraft:skeleton":1,"minecraft:zombie":1,"minecraft:cow":2},"minecraft:crafted":{"minecraft:stone_shovel":1,"minecraft:crafting_table":1,"minecraft:spruce_planks":52,"minecraft:wooden_pickaxe":1,"minecraft:furnace":1,"minecraft:stone_axe":1,"minecraft:flint_and_steel":1,"minecraft:stick":8,"minecraft:stone_sword":1},"minecraft:dropped":{"minecraft:cooked_porkchop":4,"minecraft:cooked_mutton":1,"minecraft:spruce_planks":10,"gravestone:obituary":1},"minecraft:picked_up":{"minecraft:seagrass":1,"minecraft:crafting_table":1,"minecraft:cooked_beef":8,"minecraft:leather":2,"minecraft:flint":1,"minecraft:raw_copper":7,"minecraft:cooked_mutton":1,"minecraft:wheat_seeds":1,"minecraft:cobbled_deepslate":4,"minecraft:iron_ingot":1,"minecraft:calcite":4,"minecraft:iron_pickaxe":1,"minecraft:sugar_cane":4,"minecraft:stick":8,"minecraft:raw_iron":29,"minecraft:sandstone":9,"minecraft:cooked_porkchop":4,"minecraft:gravel":3,"minecraft:sand":3,"minecraft:spruce_sapling":5,"minecraft:spruce_log":19,"minecraft:arrow":1,"minecraft:granite":1,"minecraft:glow_berries":2,"minecraft:coal":13,"minecraft:white_wool":1,"minecraft:cobblestone":119}},"DataVersion":3465}