{"stats":{"minecraft:crafted":{"minecraft:stone_shovel":1,"minecraft:crafting_table":1,"minecraft:spruce_planks":52,"minecraft:wooden_pickaxe":1,"minecraft:furnace":1,"minecraft:stone_axe":1,"minecraft:flint_and_steel":1,"minecraft:stick":8,"minecraft:stone_sword":1},"minecraft:used":{"minecraft:stone_sword":54,"minecraft:flint_and_steel":25,"minecraft:stone_shovel":4,"minecraft:spruce_planks":1,"minecraft:wooden_pickaxe":18,"minecraft:sandstone":6,"minecraft:glow_berries":5,"minecraft:sand":3,"minecraft:crafting_table":2,"minecraft:spruce_log":6,"minecraft:iron_pickaxe":175,"minecraft:gravel":3,"minecraft:cobblestone":7,"minecraft:cooked_beef":6},"minecraft:picked_up":{"minecraft:seagrass":1,"minecraft:crafting_table":1,"minecraft:cooked_beef":8,"minecraft:leather":2,"minecraft:flint":1,"minecraft:raw_copper":7,"minecraft:cooked_mutton":1,"minecraft:bone":4,"minecraft:wheat_seeds":1,"minecraft:cobbled_deepslate":4,"minecraft:iron_ingot":1,"minecraft:calcite":4,"minecraft:iron_pickaxe":1,"minecraft:sugar_cane":4,"minecraft:raw_iron":37,"minecraft:stick":8,"minecraft:sandstone":9,"minecraft:cooked_porkchop":4,"minecraft:gravel":3,"minecraft:sand":3,"minecraft:spruce_sapling":5,"minecraft:spruce_log":19,"minecraft:arrow":5,"minecraft:rotten_flesh":2,"minecraft:granite":1,"minecraft:glow_berries":2,"minecraft:coal":13,"minecraft:white_wool":1,"minecraft:cobblestone":119},"minecraft:dropped":{"minecraft:cooked_porkchop":4,"minecraft:cooked_mutton":1,"minecraft:coal":13,"minecraft:spruce_planks":10,"gravestone:obituary":2},"minecraft:killed":{"minecraft:pig":2,"minecraft:sheep":1,"minecraft:skeleton":4,"minecraft:zombie":2,"minecraft:cow":2},"minecraft:custom":{"minecraft:interact_with_furnace":19,"minecraft:mob_kills":14,"minecraft:interact_with_crafting_table":7,"minecraft:leave_game":4,"minecraft:time_since_death":0,"minecraft:climb_one_cm":90,"minecraft:time_since_rest":1151,"minecraft:sprint_one_cm":45136,"minecraft:damage_taken":1530,"minecraft:walk_one_cm":35285,"minecraft:drop":15,"minecraft:damage_dealt":1914,"minecraft:swim_one_cm":12459,"minecraft:talked_to_villager":1,"minecraft:fly_one_cm":67203,"minecraft:crouch_one_cm":13821,"minecraft:play_time":36030,"minecraft:deaths":4,"minecraft:sneak_time":4313,"minecraft:walk_under_water_one_cm":3099,"minecraft:jump":407,"minecraft:walk_on_water_one_cm":3938,"minecraft:total_world_time":36030,"minecraft:fall_one_cm":11922},"minecraft:mined":{"minecraft:crafting_table":1,"gravestone:gravestone":2,"minecraft:calcite":4,"minecraft:tall_grass":3,"minecraft:copper_ore":2,"minecraft:spruce_leaves":129,"minecraft:sugar_cane":2,"minecraft:sandstone":13,"minecraft:large_fern":4,"minecraft:iron_ore":37,"minecraft:fire":17,"minecraft:spruce_log":20,"minecraft:grass":5,"minecraft:coal_ore":13,"minecraft:gravel":4,"minecraft:sand":5,"minecraft:stone":118,"minecraft:deepslate":4}},"DataVersion":3465}