{"stats":{"minecraft:crafted":{"minecraft:crafting_table":1,"minecraft:stick":4,"minecraft:iron_ingot":6,"minecraft:iron_pickaxe":2,"minecraft:furnace":1,"minecraft:bucket":2},"minecraft:picked_up":{"minecraft:raw_iron":16,"minecraft:sandstone":7,"minecraft:cooked_porkchop":4,"minecraft:bowl":1,"minecraft:sand":5,"gravestone:obituary":2,"minecraft:spider_eye":1,"minecraft:lapis_lazuli":17,"minecraft:string":2,"minecraft:zombie_spawn_egg":2,"minecraft:cooked_mutton":1,"minecraft:bone":2,"minecraft:arrow":1,"minecraft:rotten_flesh":4,"minecraft:wheat_seeds":1,"minecraft:spruce_planks":10,"minecraft:iron_pickaxe":1,"minecraft:mutton":2,"minecraft:coal":27,"minecraft:white_wool":1,"minecraft:cobblestone":58},"minecraft:used":{"minecraft:cooked_mutton":1,"minecraft:water_bucket":1,"minecraft:iron_pickaxe":98,"minecraft:suspicious_stew":2,"minecraft:sandstone":1,"minecraft:rotten_flesh":2,"minecraft:cobblestone":6,"minecraft:furnace":1,"minecraft:crafting_table":1,"minecraft:cooked_porkchop":4,"simplyswords:hiveheart":29,"minecraft:bucket":3,"minecraft:spider_eye":1},"minecraft:dropped":{"minecraft:iron_ingot":1,"minecraft:wheat_seeds":1,"minecraft:bowl":3,"gravestone:obituary":2,"minecraft:sandstone":6,"minecraft:iron_pickaxe":2},"minecraft:killed":{"minecraft:sheep":1,"minecraft:skeleton":1,"minecraft:zombie":4},"minecraft:custom":{"minecraft:time_since_rest":2546,"minecraft:interact_with_furnace":3,"minecraft:sprint_one_cm":47906,"minecraft:damage_taken":1653,"minecraft:walk_one_cm":68175,"minecraft:mob_kills":14,"minecraft:drop":10,"minecraft:damage_dealt":1950,"minecraft:swim_one_cm":23977,"minecraft:interact_with_crafting_table":5,"minecraft:fly_one_cm":85589,"minecraft:open_chest":3,"minecraft:play_time":40792,"minecraft:deaths":4,"minecraft:sneak_time":14,"minecraft:walk_under_water_one_cm":3222,"minecraft:jump":504,"minecraft:leave_game":5,"minecraft:time_since_death":682,"minecraft:walk_on_water_one_cm":10012,"minecraft:total_world_time":41161,"minecraft:climb_one_cm":40,"minecraft:fall_one_cm":8153},"minecraft:mined":{"minecraft:iron_ore":16,"gravestone:gravestone":3,"minecraft:grass":4,"minecraft:coal_ore":14,"minecraft:sand":3,"minecraft:tall_grass":6,"minecraft:lapis_ore":3,"minecraft:stone":58,"minecraft:sandstone":1}},"DataVersion":3465}