{"stats":{"minecraft:used":{"minecraft:suspicious_stew":2,"minecraft:iron_pickaxe":88,"minecraft:sandstone":1,"minecraft:rotten_flesh":2,"minecraft:cobblestone":6,"minecraft:crafting_table":1,"minecraft:furnace":1,"minecraft:cooked_porkchop":2,"simplyswords:hiveheart":21,"minecraft:bucket":1,"minecraft:spider_eye":1},"minecraft:custom":{"minecraft:time_since_rest":398,"minecraft:interact_with_furnace":2,"minecraft:sprint_one_cm":42939,"minecraft:damage_taken":1083,"minecraft:walk_one_cm":59610,"minecraft:mob_kills":10,"minecraft:drop":9,"minecraft:damage_dealt":1291,"minecraft:swim_one_cm":23977,"minecraft:interact_with_crafting_table":4,"minecraft:fly_one_cm":75485,"minecraft:open_chest":3,"minecraft:play_time":32300,"minecraft:deaths":2,"minecraft:sneak_time":14,"minecraft:walk_under_water_one_cm":3222,"minecraft:jump":447,"minecraft:leave_game":2,"minecraft:walk_on_water_one_cm":8477,"minecraft:time_since_death":374,"minecraft:climb_one_cm":40,"minecraft:total_world_time":32669,"minecraft:fall_one_cm":7735},"minecraft:mined":{"minecraft:iron_ore":10,"gravestone:gravestone":1,"minecraft:grass":3,"minecraft:coal_ore":14,"minecraft:sand":3,"minecraft:tall_grass":5,"minecraft:stone":58,"minecraft:sandstone":1},"minecraft:killed":{"minecraft:sheep":1,"minecraft:skeleton":1,"minecraft:zombie":3},"minecraft:crafted":{"minecraft:crafting_table":1,"minecraft:stick":4,"minecraft:iron_ingot":2,"minecraft:iron_pickaxe":2,"minecraft:furnace":1,"minecraft:bucket":1},"minecraft:picked_up":{"minecraft:raw_iron":10,"minecraft:sandstone":7,"minecraft:cooked_porkchop":4,"minecraft:bowl":1,"minecraft:sand":5,"gravestone:obituary":1,"minecraft:spider_eye":1,"minecraft:string":1,"minecraft:cooked_mutton":1,"minecraft:bone":2,"minecraft:arrow":1,"minecraft:rotten_flesh":4,"minecraft:wheat_seeds":1,"minecraft:spruce_planks":10,"minecraft:iron_pickaxe":1,"minecraft:mutton":2,"minecraft:coal":14,"minecraft:white_wool":1,"minecraft:cobblestone":58},"minecraft:dropped":{"minecraft:iron_ingot":1,"minecraft:wheat_seeds":1,"minecraft:bowl":3,"gravestone:obituary":1,"minecraft:sandstone":6,"minecraft:iron_pickaxe":2}},"DataVersion":3465}