{"stats":{"minecraft:used":{"minecraft:iron_pickaxe":10,"simplyswords:hiveheart":5,"minecraft:suspicious_stew":2},"minecraft:custom":{"minecraft:time_since_rest":19429,"minecraft:open_chest":3,"minecraft:play_time":19429,"minecraft:sprint_one_cm":25235,"minecraft:damage_taken":294,"minecraft:walk_one_cm":16681,"minecraft:sneak_time":13,"minecraft:walk_under_water_one_cm":2817,"minecraft:mob_kills":1,"minecraft:drop":3,"minecraft:jump":205,"minecraft:damage_dealt":277,"minecraft:leave_game":1,"minecraft:time_since_death":19429,"minecraft:walk_on_water_one_cm":5828,"minecraft:total_world_time":19798,"minecraft:climb_one_cm":40,"minecraft:swim_one_cm":19204,"minecraft:interact_with_crafting_table":3,"minecraft:fall_one_cm":3936,"minecraft:fly_one_cm":46640},"minecraft:mined":{"minecraft:grass":2,"minecraft:tall_grass":5,"minecraft:stone":10},"minecraft:crafted":{"minecraft:furnace":1,"minecraft:stick":4,"minecraft:iron_pickaxe":2},"minecraft:dropped":{"minecraft:iron_pickaxe":2,"minecraft:bowl":1},"minecraft:picked_up":{"minecraft:sandstone":6,"minecraft:wheat_seeds":1,"minecraft:spruce_planks":10,"minecraft:sand":2,"minecraft:iron_pickaxe":1,"minecraft:cobblestone":11}},"DataVersion":3465}