{
  "create:root": {
    "criteria": {
      "0": "2024-08-22 01:39:31 +0000"
    },
    "done": true
  },
  "ad_astra_dh:welcome_to_ad_astra_distant_horizons": {
    "criteria": {
      "welcome_to_ad_astra_distant_horizons_0": "2024-08-22 01:39:31 +0000"
    },
    "done": true
  },
  "minecraft:recipes/decorations/crafting_table": {
    "criteria": {
      "unlock_right_away": "2024-08-22 01:39:46 +0000"
    },
    "done": true
  },
  "dungeons_arise:wda_root": {
    "criteria": {
      "WDA": "2024-08-22 01:39:46 +0000"
    },
    "done": true
  },
  "the_bumblezone:root": {
    "criteria": {
      "instant_granted": "2024-08-22 01:39:46 +0000"
    },
    "done": true
  },
  "the_bumblezone:wiki": {
    "criteria": {
      "instant_granted": "2024-08-22 01:39:46 +0000"
    },
    "done": true
  },
  "minecraft:adventure/adventuring_time": {
    "criteria": {
      "minecraft:beach": "2024-08-22 01:39:47 +0000"
    },
    "done": false
  },
  "DataVersion": 3465
}